"business_product_id";"information_group";"discriminator";"changed_time";"deleted";"name";"street";"house_number";"box_number";"postal_code";"city_name";"main_city_name";"distance";"promotional_region";"x";"y";"lat";"long";"green_key_labeled";"accessibility_label";"closing_period";"next_year_closing_period";"phone1";"phone2";"phone3";"email";"website";"facebook";"twitter";"flickr";"instagram";"product_description";"link_to_accessibility_website";"accessibility_description";"entrance";"route_and_levels";"common_toilet";"experience_desc";"extra_facilities";"food_allergy";"allergies";"deaf";"auditive";"mental";"motor";"blind";"visual";"autism";"food_allergy_desc";"allergies_desc";"deaf_desc";"auditive_desc";"mental_desc";"motor_desc";"blind_desc";"visual_desc";"autism_desc"
"298474";"POINT_OF_INTEREST";"NATURE";"Dec 20 2017 12:32:01:883PM";"0";"Bayernwald	";"Voormezelestraat";"2";"";"8950";"Heuvelland";"Heuvelland";"";"westhoek";"44765.68";"166465.64";"50.79913826403313";"2.875974971170545";"";"";"";"";"";"";"";"";"http://www.heuvelland.be/toerisme/850-www/232-www/299-www.html";"";"";"";"";"De onneembare Duitse loopgravenstellingen op de heuvel in Wijtschate speelden een belangrijke rol bij de Slag om Mesen. De Fransen noemden de omgeving Bayernwald.";"";"Rolstoelgebruikers kunnen hulp gebruiken bij het openen van de toegangspoort. Ook op de paden in grind kan een duwtje soms handig zijn. Hier en daar kan je van bovenaf in de loopgraven kijken. De site, waar momenteel nog toegankelijkheidswerken bezig zijn, krijgt nog een grondige toegankelijkheidschecking.";"";"";"";"";"";"";"";"";"";"";"";"";"";"";"";"";"";"";"";"";"";"";""
"276589";"POINT_OF_INTEREST";"NATURE";"Aug 24 2018 07:27:01:557AM";"0";"Connecterra";"Zetellaan";"54";"";"3630";"Meeswijk";"Maasmechelen";"";"maasland";"243662.4";"188749.22";"51.00136110624643";"5.703121095572295";"";"BASIC";"";"";"+32 89 44 04 44";"";"";"info@connecterra.be";"www.connecterra.be";"";"";"";"";"Welkom op de plek waar meer dan een kwart eeuw geleden de steenkoolmijn van Eisden nog op volle toeren draaide. Vandaag de dag ziet het landschap er helemaal anders uit en kan je er genieten van een verrassend landschap van ‘bergen en meren’ met spectaculaire panorama’s. Laat je in Connecterra verrassen door een bijzonder stukje natuur in Vlaanderen. Je vindt nabij ook het toegankelijke Zandloperpad (op ca. 5 km afstand, in het wandelgebied Mechelse Heide), een speeltuin en een bezoekerscentrum met café. Door middel van een halfverharding in grind kan je te Connecterra heen en terug naar de waterplas langs een pad van 1,5 km.";"";"Welkom op de plek waar meer dan een kwart eeuw geleden de steenkoolmijn van Eisden nog op volle toeren draaide. Vandaag de dag ziet het landschap er helemaal anders uit en kan je er genieten van een verrassend landschap van ‘bergen en meren’ met spectaculaire panorama’s. Laat je in Connecterra verrassen door een bijzonder stukje natuur in Vlaanderen. Je vindt nabij ook het toegankelijke Zandloperpad (op ca. 5 km afstand, in het wandelgebied Mechelse Heide), een speeltuin en een bezoekerscentrum met café. Door middel van een halfverharding in grind kan je te Connecterra heen en terug naar de waterplas langs een pad van 1,5 km.";"Bij het openen van de zware deuren van het bezoekerscentrum kan je hulp nodig hebben. Verder is het goed toegankelijk. ";"";"Er is een goed toegankelijk toilet, al hangt de opklapbare beugel wat hoog.";"";"";"0";"0";"0";"0";"0";"1";"0";"1";"0";"";"";"";"";"";"";"";"De in de signalisatie gebruikte teksten hebben standaard een goed contrast met de achtergrond en zijn vrij groot qua font.";""
"298498";"POINT_OF_INTEREST";"NATURE";"Mar 15 2018 02:06:01:367PM";"0";"COZMIX - Volkssterrenwacht";"Zeeweg";"96";"";"8200";"Sint-Andries";"Brugge";"";"kunststadBrugge";"65137.08413405593";"208030.1397430962";"51.176568";"3.153968";"";"";"";"";"+32 (0)50 39 05 66";"";"";"info@cozmix.be";"https://www.cozmix.be";"";"";"";"";"Je vindt het bezoekerscentrum Cozmix ten zuiden van Brugge in het 19de-eeuwse landhuis van het prachtige domein Beisbroek. Deze groene locatie is zowel voor groepen als individuele bezoekers toegankelijk. Een bezoek aan Cozmix is een echte belevenis! De volkssterrenwacht en het planetarium bevinden zich op de 2de verdieping van het kasteel. Bovenop de observatietoren staat een koepel. Je kan er de zon, de maan en de planeten van dichtbij ontdekken met de grote telescoop. In Cozmix kan je ook bij slecht weer en overdag de sterren in volle pracht bewonderen. In het fantastische planetarium worden immers meer dan 7000 sterren geprojecteerd op de binnenkant van de koepel. Niet enkel de sterrenhemel wordt afgebeeld, spectaculaire videobeelden voeren je samen met de muziek mee op een overweldigende tocht doorheen de mysteries van het heelal. Zo kan je meevliegen over het Marsoppervlak en genieten van een schitterend zicht op de ringen van Staturnus. Verder kan je een bezoek brengen aan de multimediale en interactieve tentoonstelling. Je komt er alles te weten over onze Melkweg, planeten en kometen, de toekomst van het heelal en de evolutie van sterren. Een wandeling maken langs het 'kunstzinnig' planetenpad behoort ook tot de mogelijkheden. Daar worden de planeten voorgesteld door beelden van hun mythologische tegenhangers en in het zonnestelsel doorheen het bos volledig op schaal weergegeven.";"";"Door de ietswat steile helling naar de ingang, kan je een duwtje in de rug goed gebruiken. Binnen zijn er twee nauwere deuropeningen. Een plateaulift brengt je naar het planetarium, waar je kunt genieten van de prachtige sterrenhemel. Je ziet hoe de zon zich in de loop van een jaar schijnbaar verplaatst, het steeds veranderende gezicht van de maan en de eeuwige dans van de planeten tussen de fonkelende sterren. De telescopen in het observatorium zijn niet bereikbaar met de rolstoel, maar de beelden die via de telescopen zichtbaar zijn kunnen op de planetariumkoepel geprojecteerd worden zodat iedereen er kan van genieten. Er is ook een goed toegankelijk toilet aanwezig, al is er weinig ruimte voor de deur. Via een ringleiding kan je ook met een auditieve handicap de commentaar en muziek bij de voorstellingen perfect volgen. Heb je een visuele handicap, dan kan je een beroep doen op een medewerker die je alles in geuren en kleuren toelicht.";"";"";"";"";"";"";"";"";"";"";"";"";"";"";"";"";"";"";"";"";"";"";""
"298596";"POINT_OF_INTEREST";"NATURE";"Mar 15 2018 02:01:01:170PM";"0";"De Kruidtuin";"Kapucijnenvoer";"30";"";"3000";"Leuven";"Leuven";"";"kunststadLeuven";"172693.46";"174216.74";"50.87786184884318";"4.691198939801051";"";"";"";"";"";"";"";"";"http://www.leuven.be";"";"";"";"";"Deze centraal gelegen tuin waar vaak studenten aan het studeren zijn, is de oudste van heel België. In 1738 werd deze tuin aangelegd voor studenten geneeskunde en hij wordt nog steeds gebruikt voor wetenschappelijk onderzoek. Het ware doel van deze tuin is om er heerlijk rustig te genieten. Alles aan deze tuin is prettig: de bomen, de bloemen, het ontwerp, de fonteinen en de banken.";"";"Vlot toegankelijk, voor wandelaars en rolstoelen. Honden en fietsen zijn niet toegelaten. Er is een toegankelijk toilet.";"";"";"";"";"";"";"";"";"";"";"";"";"";"";"";"";"";"";"";"";"";"";""
"276527";"POINT_OF_INTEREST";"NATURE";"Sep  5 2018 07:10:02:210AM";"0";"Domeinbos Heverleebos + Meerdaalwoud";"";"";"";"3050";"Oud-Heverlee";"Oud-Heverlee";"";"groeneGordel";"171493.24";"168852.71";"50.829699318725";"4.67383202953668";"";"";"";"";"+32 16 38 89 80";"";"";"meerdaal.anb@lne.vlaanderen.be";"www.natuurenbos.be/meerdaalwoud-heverleebos";"";"";"";"";"Een fikse boswandeling loopt op wieltjes in het Meerdaalwoud en Heverleebos. Hobbelige bospaden zijn geen sinecure met kinderkoets of rolstoel maar in dit magnifieke boscomplex lukt het wel. Het tweelingbos Meerdaalwoud en Heverleebos  is een machtig loofbos van 2000 hectare groot. Een groene long op amper drie kilometer van de Grote Markt in Leuven. Een wandel- en jogparadijs ook waar je uren kan verdwalen in het groen. Niets voor ouders met kinderwagens of mensen in een rolstoel, denk je dan. Maar hier kan je voluit rollen door de bossen.

Aan De Speelberg – het epicentrum van bosbeleving – vertrekt een boeiend pad van vier kilometer dat je met de rolstoel of buggy gemakkelijk kan bewandelen. Laat hier je auto en ga de Weertse Dreef in die het bos netjes doormidden snijdt. Na een kilometer draai je de Nethensebaan in.

Kijk niet te verbaasd als enkele norse soldaten je nauwlettend in het oog houden, want achter de omheining ligt militair domein. De putten en wallen die je ziet zijn er niet natuurlijk gekomen: tot 1976 schrikte het leger het bosleven geregeld op door oude munitie gecontroleerd tot ontploffing te brengen. Vandaag zijn ze een bron van leven. Een rolstoelvriendelijk pad leidt je naar een leerrijke observatiepost van waar je dit landschap nog beter ziet.  Kom zeker ook eens in de lente, dan maak je veel kans de kudde wilde Konikpaarden te zien als ze zich komen drenken aan de poel vlak bij de observatiepost. Ook de bloeiende brem is dan betoverend.

De kaarsrechte Everzwijnbaddreef  en de Herculesdreef brengen je terug aan de Speelberg. De geknipte plek om na te genieten met een picknick terwijl je de bloeiende heide bewondert. Je kan er zelfs de barbecue aansteken, en terwijl het vlees gaart kunnen de kinderen het speelbos verkennen. Zelfs aan de viervoeter is gedacht, die kan vrijuit hollen in de hondenlosloopzone.

Arboretumpad

Aan de andere kant van het boscomplex kan je met de rolstoel ook het arboretum verkennen. Het 1,2 kilometer lange arboretumpad slingert zich tussen meer dan 300 verschillende struiken en bomen. Dit levende museum werd in 1930 aangelegd om te onderzoeken hoe uitheemse bomen hier groeien. Ze zijn hier heel graag, weten we nu, net als elke bezoeker.";"";"Een fikse boswandeling loopt op wieltjes in het Meerdaalwoud en Heverleebos. Hobbelige bospaden zijn geen sinecure met kinderkoets of rolstoel maar in dit magnifieke boscomplex lukt het wel. Het tweelingbos Meerdaalwoud en Heverleebos  is een machtig loofbos van 2000 hectare groot. Een groene long op amper drie kilometer van de Grote Markt in Leuven. Een wandel- en jogparadijs ook waar je uren kan verdwalen in het groen. Niets voor ouders met kinderwagens of mensen in een rolstoel, denk je dan. Maar hier kan je voluit rollen door de bossen.

Aan De Speelberg – het epicentrum van bosbeleving – vertrekt een boeiend pad van vier kilometer dat je met de rolstoel of buggy gemakkelijk kan bewandelen. Laat hier je auto en ga de Weertse Dreef in die het bos netjes doormidden snijdt. Na een kilometer draai je de Nethensebaan in.

Kijk niet te verbaasd als enkele norse soldaten je nauwlettend in het oog houden, want achter de omheining ligt militair domein. De putten en wallen die je ziet zijn er niet natuurlijk gekomen: tot 1976 schrikte het leger het bosleven geregeld op door oude munitie gecontroleerd tot ontploffing te brengen. Vandaag zijn ze een bron van leven. Een rolstoelvriendelijk pad leidt je naar een leerrijke observatiepost van waar je dit landschap nog beter ziet.  Kom zeker ook eens in de lente, dan maak je veel kans de kudde wilde Konikpaarden te zien als ze zich komen drenken aan de poel vlak bij de observatiepost. Ook de bloeiende brem is dan betoverend.

De kaarsrechte Everzwijnbaddreef  en de Herculesdreef brengen je terug aan de Speelberg. De geknipte plek om na te genieten met een picknick terwijl je de bloeiende heide bewondert. Je kan er zelfs de barbecue aansteken, en terwijl het vlees gaart kunnen de kinderen het speelbos verkennen. Zelfs aan de viervoeter is gedacht, die kan vrijuit hollen in de hondenlosloopzone.

Arboretumpad

Aan de andere kant van het boscomplex kan je met de rolstoel ook het arboretum verkennen. Het 1,2 kilometer lange arboretumpad slingert zich tussen meer dan 300 verschillende struiken en bomen. Dit levende museum werd in 1930 aangelegd om te onderzoeken hoe uitheemse bomen hier groeien. Ze zijn hier heel graag, weten we nu, net als elke bezoeker.

";"";"";"";"";"";"0";"0";"0";"0";"0";"1";"0";"0";"0";"";"";"";"";"";"";"";"";""
"276525";"POINT_OF_INTEREST";"NATURE";"Aug 28 2018 07:46:01:447AM";"0";"Gentbrugse Meersen";"";"";"";"9050";"Gentbrugge";"Gent";"";"kunststadGent";"107726.42";"190766.74";"51.0255512508328";"3.76619848238342";"";"";"";"";"";"";"";"info@wgbm.be";"http://www.wgbm.be/";"";"";"";"";"De Gentbrugse Meersen is één van de vier groenpolen die in Gent worden ingericht. Groenpolen zijn grote  park- en natuurgebieden. De Gentbrugse Meersen is ongeveer 240 hectare groot.

Het gebied ligt binnen de brede bocht van de Schelde en de bebouwing van Gentbrugge. Dicht bij de bebouwing ligt de klemtoon op recreatie, sport en spel. Dichter bij de Schelde voert de natuur  de boventoon met nieuwe bossen, moerraszones en bloemenrijke graslanden. Je kan er onder andere genieten van een rolstoel- en buggyvriendelijke wandeling. De aanwezige bankjes bieden ook voldoende rustpunten onderweg.

De stad Gent ontwikkelde samen met de Gentse start-up OJOO tevens een gratis app waarmee je de Gentbrugse Meersen op eigen houtje kan verkennen. Deze is te downloaden op de site van Stad Gent.";"";"De Gentbrugse Meersen is één van de vier groenpolen die in Gent worden ingericht. Groenpolen zijn grote  park- en natuurgebieden. De Gentbrugse Meersen is ongeveer 240 hectare groot.

Het gebied ligt binnen de brede bocht van de Schelde en de bebouwing van Gentbrugge. Dicht bij de bebouwing ligt de klemtoon op recreatie, sport en spel. Dichter bij de Schelde voert de natuur  de boventoon met nieuwe bossen, moerraszones en bloemenrijke graslanden. Je kan er onder andere genieten van een rolstoel- en buggyvriendelijke wandeling. De aanwezige bankjes bieden ook voldoende rustpunten onderweg.

De stad Gent ontwikkelde samen met de Gentse start-up OJOO tevens een gratis app waarmee je de Gentbrugse Meersen op eigen houtje kan verkennen. Deze is te downloaden op de site van Stad Gent.";"";"";"";"";"";"0";"0";"0";"0";"0";"1";"0";"0";"0";"";"";"";"";"";"";"";"";""
"378736";"POINT_OF_INTEREST";"NATURE";"Jul 16 2018 11:24:06:983AM";"0";"Groen Waterke";"Ankerbrug";"";"";"2800";"Mechelen";"Mechelen";"";"kunststadMechelen";"";"";"";"";"";"";"";"";"";"";"";"";"";"";"";"";"";"";"";"Het Groen Waterke is een van de vele idyllische plekjes van Mechelen. Het vlietje dankt zijn naam aan het wateroppervlak dat bedekt is met eendenkroos. Eigenlijk is het een overblijfsel van de vliet Melaan die hier niet overdekt of gedempt werd. Je voelt hier de vroegere rust in de stad. Je bent trouwens vlakbij de Refugie van de abdij van Sint-Truiden en de Refugie van de abdij van Tongerlo.";"Je bekijkt het Groen Waterke vanop de Ankerbrug, die goed toegankelijk is via de stoep.";"";"";"";"";"0";"0";"";"0";"0";"1";"0";"0";"0";"";"";"";"";"";"";"";"";""
"276761";"POINT_OF_INTEREST";"NATURE";"Aug 27 2018 07:28:02:960AM";"0";"Het Broek Blaasveld";"Het Broek";"1";"";"2830";"Willebroek";"Willebroek";"";"scheldeland";"151706.2";"194437.89";"51.0600719167126";"4.393106363818924";"";"";"";"";"+32 479 67 94 78";"";"";"hans.vanpraet@vlaanderen.be";"www.natuurenbos.be/activiteiten";"";"";"";"";"Dit domein beschikt over 2 wandelingen die je langs de mooiste hoekjes van het Broek brengen. 
Het Watersportpad (3,9 km) vertrekt aan de parkeerplaats aan de Broekstraat te Blaasveld-Willebroek en het Vierwielenpad (4 km) start aan de parkeerplaats van de Watersportbaan Hazewinkel aan de Beenhouwersstraat te Heindonk-Willebroek. Dit laatste pad is ingericht voor rolstoelgebruikers. Deze uitgestippelde wandelpaden gaan langs het centraal gelegen domein Scheyvaerts, waar sanitaire voorzieningen, picknickplaatsen, een blokhut (te gebruiken bij slecht weer) en een speelweide ter beschikking zijn.";"";"Dit domein beschikt over 2 wandelingen die je langs de mooiste hoekjes van het Broek brengen. 
Het Watersportpad (3,9 km) vertrekt aan de parkeerplaats aan de Broekstraat te Blaasveld-Willebroek en het Vierwielenpad (4 km) start aan de parkeerplaats van de Watersportbaan Hazewinkel aan de Beenhouwersstraat te Heindonk-Willebroek. Dit laatste pad is ingericht voor rolstoelgebruikers. Deze uitgestippelde wandelpaden gaan langs het centraal gelegen domein Scheyvaerts, waar sanitaire voorzieningen, picknickplaatsen, een blokhut (te gebruiken bij slecht weer) en een speelweide ter beschikking zijn.";"";"";"";"";"";"0";"0";"0";"0";"0";"1";"0";"0";"0";"";"";"";"";"";"";"";"";""
"276720";"POINT_OF_INTEREST";"NATURE";"Aug 20 2018 11:26:01:277AM";"0";"Het Zwin Natuurpark en bezoekerscentrum";"GRAAF LEON LIPPENSDREEF";"8A";"";"8300";"Knokke-Heist";"Knokke-Heist";"";"kust";"79322.35929901549";"228073.4319194499";"51.358609";"3.35287";"";"BASIC";"";"";"+32 50 60 70 86";"";"";"info@zwin.be";"https://www.zwin.be";"";"";"";"";"Welkom in het nieuwe Zwin, de internationale luchthaven voor vogels. Hou je instapkaart klaar, de trekvogels nemen je mee naar een verre bestemming. Tijdens de boeiende vlucht leer je hen spelenderwijs kennen, zowel in de doe-tentoonstelling, doorheen het belevingsparcours in het park als in de Zwinvlakte. Een fascinerende reis voor het hele gezin.";"http://toevla.vlaanderen.be/publiek/nl/register/detail/5565/BEZCE_1";"Welkom in het nieuwe Zwin, de internationale luchthaven voor vogels. Hou je instapkaart klaar, de trekvogels nemen je mee naar een verre bestemming. Tijdens de boeiende vlucht leer je hen spelenderwijs kennen, zowel in de doe-tentoonstelling, doorheen het belevingsparcours in het park als in de Zwinvlakte. Een fascinerende reis voor het hele gezin.";"";" ";" ";"Het Zwin Natuur Park is toegankelijk voor rolstoelen en kinderwagens. Enkel de Zwinvlakte en een kleine zijweg in het Zwin Park zijn dit niet. Ook het onthaalcentrum werd ingericht op maat van rolstoelgebruikers. In de ooievaarstoren is er beneden een scherm waar je kan beleven wat er boven in de toren te zien is. De panoramatoren in het onthaalcentrum is bereikbaar mits assistentie. Hoogtepunten van de wandeling zijn de luisterhut en luisterduin. ";"Verderop, in het natuurgebied Zwinduinen en -polders, werd voor slechtzienden en blinden een aanbevolen route uitgestippeld in samenwerking met Westkans. Let op voor de dwarsbalken onderweg, die weliswaar worden aangekondigd in de audioguide en brochure. Een maquette stelt de Zwinstreek voor met de zee, slikken, schorren en polders.";"0";"0";"0";"0";"0";"1";"1";"1";"0";"";"";"";"";"";"";"Verderop, in het natuurgebied Zwinduinen en -polders, werd voor slechtzienden en blinden een aanbevolen route uitgestippeld in samenwerking met Westkans. Let op voor de dwarsbalken onderweg, die weliswaar worden aangekondigd in de audioguide en brochure. Een maquette stelt de Zwinstreek voor met de zee, slikken, schorren en polders.";"Verderop, in het natuurgebied Zwinduinen en -polders, werd voor slechtzienden en blinden een aanbevolen route uitgestippeld in samenwerking met Westkans. Let op voor de dwarsbalken onderweg, die weliswaar worden aangekondigd in de audioguide en brochure. Een maquette stelt de Zwinstreek voor met de zee, slikken, schorren en polders.";""
"276702";"POINT_OF_INTEREST";"NATURE";"Aug 28 2018 07:36:02:247AM";"0";"Japanse Tuin";"Gouverneur Verwilghensingel";"23";"";"3500";"Hasselt";"Hasselt";"";"haspengouw";"219581.05";"180895.62";"50.93416554985258";"5.358602875627245";"";"";"";"";"+32 11 23 52 00";"";"";"japansetuin@hasselt.be";"www.japansetuin.be";"";"";"";"";"De grootste (2,5 ha) authentieke Japanse Tuin van Europa.

Goed toegankelijk, maar op de wat steilere hellingen kan assistentie aangewezen zijn. De stapstenen aan de waterval zijn niet rolstoeltoegankelijk, maar er is een omweg voorzien. Er is een aangepast toilet. Aan de kassa zijn 2 rolstoelen beschikbaar die je op voorhand moet reserveren.

In 2017 bestaat de Japanse Tuin 25 jaar! Vier mee tijdens het Yokoso Festival, waarin de Japanse cultuur ook buiten de grenzen van de Tuin wordt gebracht. Meer informatie op www.yokosofestival.be .";"";"Picknicken onder de kersenbloesems, even mediteren bij de waterval of de vredesbel luiden? Of je nu op zoek bent naar rust of net naar een dag vol beleving: in de grootste (2,5 ha) authentieke Japanse Tuin van Europa kan het allemaal.";"";"Goed toegankelijk, maar op de wat steilere hellingen kan assistentie aangewezen zijn. De stapstenen aan de waterval zijn niet rolstoeltoegankelijk, maar er is een omweg voorzien. ";"Er is een aangepast toilet. ";"";"Aan de kassa zijn 2 rolstoelen beschikbaar die je op voorhand moet reserveren.";"0";"0";"0";"0";"0";"1";"0";"0";"0";"";"";"";"";"";"";"";"";""
"276699";"POINT_OF_INTEREST";"NATURE";"Aug 21 2018 01:55:01:370PM";"0";"Kruidtuin";"Kapucijnenvoer";"30";"";"3000";"Leuven";"Leuven";"";"kunststadLeuven";"172693.46";"174216.74";"50.87786184884318";"4.691198939801051";"";"";"";"";"+32 16 27 23 80";"";"";"toerisme@leuven.be";"www.visitleuven.be";"";"";"";"";"Vlot toegankelijk, voor wandelaars en rolstoelen. Honden niet toegelaten en fietsen niet toegestaan. ";"";"Vlot toegankelijk, voor wandelaars en rolstoelen. Honden niet toegelaten en fietsen niet toegestaan. ";"";"";"Er is een toegankelijk toilet.";"";"";"0";"0";"0";"0";"0";"1";"0";"0";"0";"";"";"";"";"";"";"";"";""
"276526";"POINT_OF_INTEREST";"NATURE";"Mar 22 2017 02:13:47:357PM";"1";"Meerdaalwoud";"";"";"";"3050";"Oud-Heverlee";"Oud-Heverlee";"";"groeneGordel";"";"";"";"";"";"";"";"";"+32 16 38 89 80";"";"";"meerdaal.anb@lne.vlaanderen.be";"www.natuurenbos.be/meerdaalwoud-heverleebos";"";"";"";"";"Samen met het aansluitende Heverleebos is het Meerdaalwoud een van de grootste bosgebieden van Vlaanderen (bijna 2050 ha). Er leidt slechts één grote weg door het bos. Je kunt er dus heerlijk rondwandelen in volmaakte stilte en rust. Het Meerdaalwoud is vooral interessant om zijn diverse bomenbestand: inlandse eik, beuk, es, esdoorn, berk en grove den. De Speelberg is de ideale vertrekplaats voor een leuk, rolstoelvriendelijk bosuitstapje. Het boeiende pad van 5 km, dat start en eindigt aan de Speelberg, kan je met de rolstoel of met de buggy makkelijk bewandelen. Een wandelkaart (met aanduiding van het rolstoelvriendelijke pad) kan je hier downloaden: http://www.natuurenbos.be/~/media/Files/Domeinen/Vlaams-Brabant/meerdaal%20en%20heverlee.pdf.";"";"Samen met het aansluitende Heverleebos is het Meerdaalwoud een van de grootste bosgebieden van Vlaanderen (bijna 2050 ha). Er leidt slechts één grote weg door het bos. Je kunt er dus heerlijk rondwandelen in volmaakte stilte en rust. Het Meerdaalwoud is vooral interessant om zijn diverse bomenbestand: inlandse eik, beuk, es, esdoorn, berk en grove den. De Speelberg is de ideale vertrekplaats voor een leuk, rolstoelvriendelijk bosuitstapje. Het boeiende pad van 5 km, dat start en eindigt aan de Speelberg, kan je met de rolstoel of met de buggy makkelijk bewandelen. Een wandelkaart (met aanduiding van het rolstoelvriendelijke pad) kan je hier downloaden: http://www.natuurenbos.be/~/media/Files/Domeinen/Vlaams-Brabant/meerdaal%20en%20heverlee.pdf.";"";"";"";"";"";"";"0";"0";"";"0";"1";"0";"";"";"";"";"";"";"";"";"";"";""
"378741";"POINT_OF_INTEREST";"NATURE";"Jul 16 2018 11:24:10:317AM";"0";"Melaan";"";"";"";"2800";"Mechelen";"Mechelen";"";"kunststadMechelen";"";"";"";"";"";"";"";"";"";"";"";"";"";"";"";"";"";"";"";"Slenteren op de oever van de Melaan, elke Mechelaar houdt ervan. De Melaan, een vertakking van de Dijle, was een van de laatst zichtbare vlietjes in de stad en werd pas in 1913 gedempt. Tot in 2007. Dankzij het Europese project Water in Historic City Centers ligt de Melaan nu opnieuw open. Ga zitten op een van de vele bankjes en laat je blik op het water rusten. ";"Het pad langs de Melaan is goed toegankelijk. Misschien heb je even wat hulp nodig voor enkele hellingen aan het tweede deel.";"";"";"";"";"0";"0";"";"0";"0";"1";"0";"0";"0";"";"";"";"";"";"";"";"";""
"298641";"POINT_OF_INTEREST";"NATURE";"Dec 11 2017 10:14:47:360AM";"0";"Minnewater";"Minnewater";"1";"";"8000";"Brugge";"Brugge";"";"kunststadBrugge";"70054.03";"210664.71";"51.20040612537258";"3.224988116642796";"";"";"";"";"";"";"";"";"";"";"";"";"";"In het zuiden van Brugge ligt het Minnewater, een klein rechthoekig meer omringd door bomen en het aangrenzende Minnewaterpark. Het tragische liefdesverhaal van Minna en haar geliefde Stromberg heeft gezorgd voor een populaire legende die verhaalt dat men eeuwige liefde zal kennen wanneer men met zijn haar geliefde over de Minnewaterbrug loopt. Het maakt van Minnewater een bijzonder romantische plaats. Geniet van de omgeving vanaf de Minnewaterbrug, een van de bankjes langs het meer of verken het rustige Minnewaterpark.";"";"De meeste straten en paden zijn hier goed berijdbaar en begaanbaar.";"";"";"";"";"";"";"";"";"";"";"";"";"";"";"";"";"";"";"";"";"";"";""
"276609";"POINT_OF_INTEREST";"NATURE";"Aug 20 2018 07:49:01:390AM";"0";"Minnewater";"";"";"";"8000";"Brugge";"Brugge";"";"kunststadBrugge";"70034.16";"210223.32";"51.1964491370601";"3.22473783249622";"";"";"";"";"";"";"";"";"https://www.visitbruges.be/nl/minnewater ";"";"";"";"";"In het zuiden van Brugge ligt het Minnewater,

een klein rechthoekig meer omringd door

bomen en het aangrenzende Minnewaterpark.

Het tragische liefdesverhaal van Minna

en haar geliefde Stromberg heeft gezorgd

voor een populaire legende die verhaalt dat

men eeuwige liefde zal kennen wanneer men

met zijn of haar geliefde over de Minnewaterbrug

loopt. Het maakt van Minnewater

een bijzonder romantische plaats. Geniet van

de omgeving vanaf de Minnewaterbrug, een

van de bankjes langs het meer of verken het

rustige Minnewaterpark.";"";"In het zuiden van Brugge ligt het Minnewater,

een klein rechthoekig meer omringd door

bomen en het aangrenzende Minnewaterpark.

Het tragische liefdesverhaal van Minna

en haar geliefde Stromberg heeft gezorgd

voor een populaire legende die verhaalt dat

men eeuwige liefde zal kennen wanneer men

met zijn of haar geliefde over de Minnewaterbrug

loopt. Het maakt van Minnewater

een bijzonder romantische plaats. Geniet van

de omgeving vanaf de Minnewaterbrug, een

van de bankjes langs het meer of verken het

rustige Minnewaterpark.";"De meeste straten

en paden zijn hier goed berijdbaar en

begaanbaar.";"";"";"";"";"0";"0";"0";"0";"0";"1";"0";"0";"0";"";"";"";"";"";"";"";"";""
"276742";"POINT_OF_INTEREST";"NATURE";"Aug 17 2018 11:40:01:380AM";"0";"Nationaal Park Hoge Kempen";"Winterslagstraat";"87";"";"3600";"Genk";"Genk";"";"limburgseKempen";"229419.31";"184862.66";"50.9685751916434";"5.49943046859794";"";"";"";"";"+32 89 65 56 65";"";"";"info@nationaalpark.be";"www.nationaalpark.be";"";"";"";"";"Het Nationaal Park Hoge Kempen is het enige nationaal park van Vlaanderen. Reden te meer om deze groene long te ontdekken via één van de zes toegangspoorten die het park heeft. Je kan er naar hartenlust al wandelend, fietsend of te paard door het groen waden.";"";"Ook met een beperking kan je de natuurpracht van het Nationaal Park Hoge Kempen bewonderen.

Zo kan je aan de Mechelse Heide terecht op het Zandloperpad. Dit pad, aangepast aan de noden van rolstoelgebruikers, leidt je over 1,5 km door de voormalige zandgroeve. Onderweg worden de typische biotopen van het Nationaal Park aan je voorgesteld. Een vogelkijkwand, een vlonder en enkele extra fysieke uitdagingen maken deze tocht nog leuker. Daarnaast zijn ook enkele wandelingen in Kattevennen en Pietersheim geschikt voor een tocht met een rolstoel. Goed toegankelijke attracties en voorzieningen maken het plaatje compleet. Ook in Lieteberg, Station As en Connecterra vind je telkens een goed toegankelijk bezoekersonthaal waar je terecht kan voor meer informatie. Bepaalde attracties zijn ook toegankelijk voor rolstoelen zoals bijv. Entomopolis, het insectenmuseum in Lieteberg. Of reserveer een Ranger voor een ‘Natuurbeleving voor mensen met een beperking’! Het traject en de opdrachten binnen deze activiteit worden aangepast aan de specifieke noden van de deelnemers.";"";"";"";"";"";"0";"0";"0";"0";"0";"1";"0";"0";"0";"";"";"";"";"";"";"";"";""
"276704";"POINT_OF_INTEREST";"NATURE";"Aug 27 2018 07:26:01:420AM";"0";"Natuurpunt";"Coxiestraat";"11";"";"2800";"Mechelen";"Mechelen";"";"kunststadMechelen";"158057.71";"189964.61";"51.01980836919122";"4.48360134143638";"";"";"";"";"+32 15 29 27 81";"";"";"stein.temmerman@natuurpunt.be";"http://www.natuurpunt.be/rolstoelgebruikers";"";"";"";"";"Natuurpunt stelt haar natuurgebieden in Vlaanderen zo veel mogelijk open voor rolstoelgebruikers. Niet alleen wandelroutes en -trajecten, maar ook sommige vogelkijkhutten werden aangepast. In het natuurgebied (Landschap De Liereman in Oud-Turnhout) waar de zandpaden niet geschikt zijn voor rolstoelen, is er een wombat-terreinrolstoel beschikbaar. Een uitgebreid overzicht van de toegankelijke paden en vogelkijkhutten vind je via bovenstaande link.";"www.natuurpunt.be/rolstoelgebruikers";"Natuurpunt stelt haar natuurgebieden in Vlaanderen zo veel mogelijk open voor rolstoelgebruikers. Niet alleen wandelroutes en -trajecten, maar ook sommige vogelkijkhutten werden aangepast. In het natuurgebied (Landschap De Liereman in Oud-Turnhout) waar de zandpaden niet geschikt zijn voor rolstoelen, is er een wombat-terreinrolstoel beschikbaar. Een uitgebreid overzicht van de toegankelijke paden en vogelkijkhutten vind je via bovenstaande link.";"";"";"";"";"";"0";"0";"0";"0";"0";"1";"0";"0";"0";"";"";"";"";"";"";"";"";""
"276714";"POINT_OF_INTEREST";"NATURE";"Aug 20 2018 09:37:01:870AM";"0";"Natuurreservaat Molsbroek";"Molsbergenstraat";"1";"";"9160";"Lokeren";"Lokeren";"";"waasland";"125685.72";"199491.3";"51.10499062172018";"4.021629655212993";"";"";"";"";"+32 9 348 30 20";"";"";"info@vzwdurme.be";"http://www.vzwdurme.be/";"";"";"";"";"Doorheen het natuurreservaat het Molsbroek slingert een geasfalteerde wandeldijk van 4,5 km. Dit hoger gelegen pad is vrij toegankelijk en biedt de wandelaar een prachtig uitzicht op de uitgestrekte moerasvlakte met talrijke watervogels, de elzenbroeken, de rivierduinen, de rietvelden en de uitgestrekte vochtige graslanden. ";"";"Doorheen het natuurreservaat het Molsbroek slingert een geasfalteerde wandeldijk van 4,5 km. Dit hoger gelegen pad is vrij toegankelijk en biedt de wandelaar een prachtig uitzicht op de uitgestrekte moerasvlakte met talrijke watervogels, de elzenbroeken, de rivierduinen, de rietvelden en de uitgestrekte vochtige graslanden. ";"";"";"In het bezoekerscentrum Molsbroek kun je gratis gebruik maken van het toegankelijk toilet en kun je iets drinken.";"";"";"0";"0";"0";"0";"0";"1";"0";"0";"0";"";"";"";"";"";"";"";"";""
"298511";"POINT_OF_INTEREST";"NATURE";"Dec 11 2017 10:14:16:680AM";"0";"Provinciaal domein De Averegten";"Boonmarkt";"12";"";"2220";"Heist-op-den-Berg";"Heist-op-den-Berg";"";"antwerpseKempen";"173772.47";"197790.15";"51.08971495743881";"4.708065839193946";"";"";"";"";"+32 15 24 89 47";"";"";"info@averegten.provant.be";"http://www.averegten.be";"";"";"";"";"Gevarieerd wandelbos van 100 ha met 3 bewegwijzende wandelpaden. Het Averpad is verhard en rolwagenvriendelijk. Op het rode wandelpad zijn hoden aan de leiband toegelaten. Boerderijdieren, een plantentuin met inheemse wilde planten, speelbossen, een bijenhal, een blokhut voor natuureducatieve activiteiten, speeltuin en speelweiden. Taverne Het Boshuis ligt naast de fantastische speeltuin.";"";"Van de verschillende wandelpaden is de groene route (3,5 km) speciaal aangelegd voor rolstoelgebruikers, kinderwagens en joggers. Na een regenbui blijft dit verharde pad begaanbaar. De route is voorbehouden voor voetgangers. Aan de Blokhut bevinden zich 2 toegankelijke toiletten. Een aantal picknicktafels werd aangepast zodat mensen in een rolstoel comfortabel mee aan de tafel kunnen zitten. De aangepaste schommel in de speeltuin biedt ook veilig speelplezier voor kinderen met een handicap. Een bezoek aan de plantentuin is hier zeker de moeite waard. De tuin is aangenaam en prima toegankelijk voor rolstoelen. De verharde wegen in dolomiet zijn prima berijdbaar en goed bewegwijzerd.  Parkeren met een kaart kan op de parking aan de plantentuin (Boonmarkt 12). Deze parking is gelegen op 50 meter van taverne Het Boshuis. De taverne is, volgens de toeristische dienst, toegankelijk en tijdens schoolvakanties iedere dag geopend vanaf 12 u. Buiten de schoolvakanties kun je er terecht van woensdag tot en met zondag.";"";"";"";"";"";"";"";"";"";"";"";"";"";"";"";"";"";"";"";"";"";"";""
"276696";"POINT_OF_INTEREST";"NATURE";"Aug 24 2018 09:12:01:733AM";"0";"Provinciaal Domein De Palingbeek";"Palingbeekstraat";"";"";"8902";"Zillebeke";"Ieper";"";"westhoek";"48047.07";"168217.93";"50.8154703276663";"2.92195690838205";"";"";"";"";"+32 57 23 08 40";"";"";"bc.palingbeek@west-vlaanderen.be";"http://www.west-vlaanderen.be/kwaliteit/Leefomgeving/bezoekerscentra/palingbeek/Paginas/default.aspx";"";"";"";"";"De Palingbeek is een groot wandelgebied met goed toegankelijke paden. Een plannetje dat de rolstoeltoegankelijke paden aanduidt, kan je downloaden op de website of vragen aan de balie van het bezoekerscentrum (adres: Vaartstraat 7, 8902 Zillebeke).";"";"De Palingbeek is een groot wandelgebied met goed toegankelijke paden. Een plannetje dat de rolstoeltoegankelijke paden aanduidt, kan je downloaden op de website of vragen aan de balie van het bezoekerscentrum (adres: Vaartstraat 7, 8902 Zillebeke). ";"";"";"";"Er is ook een milieuboerderij met toegankelijke activiteiten, geschikt voor personen met een motorische of

verstandelijke beperking en voor dove, slechthorende, blinde en slechtziende deelnemers.";"";"0";"0";"1";"1";"1";"1";"1";"1";"0";"";"";"";"";"Bezoekers met een verstandelijke beperking kunnen hier op speurtocht gaan (niet geschikt voor rolstoelgebruikers).



Er is ook een milieuboerderij met toegankelijke activiteiten, geschikt voor personen met een motorische of

verstandelijke beperking en voor dove, slechthorende, blinde en slechtziende deelnemers.";"";"";"";""
"276697";"POINT_OF_INTEREST";"NATURE";"Aug 23 2018 12:18:03:580PM";"0";"Provinciaal Domein Sterrebos";"Sterrebosdreef";"";"";"8800";"Rumbeke";"Roeselare";"";"leieStreek";"63182.67";"180161.14";"50.9252715684562";"3.13388356511674";"";"";"";"";"+32 50 40 32 57";"";"";"johan.mahieu@west-vlaanderen.be";"www.west-vlaanderen.be/genieten/domeinen/Sterrebos";"";"";"";"";"Wandelen is mogelijk in het park en langs de kasteelvijver. ";"";"Wandelen is mogelijk in het park en langs de kasteelvijver. ";"";"De paden zijn goed toegankelijk.";"Er is een aangepast toilet aanwezig.";"";"";"0";"0";"0";"0";"0";"1";"0";"0";"0";"";"";"";"";"";"";"";"";""
"276705";"POINT_OF_INTEREST";"NATURE";"Aug 24 2018 01:32:02:760PM";"0";"Provinciaal Groendomein De Averegten";"Boonmarkt";"4";"a";"2220";"Heist-op-den-Berg";"Heist-op-den-Berg";"";"antwerpseKempen";"173772.47";"197790.08";"51.08971432824568";"4.708065834611364";"";"";"";"";"+32 15 22 81 00";"";"";"averegten@provincieantwerpen.be";"www.provincieantwerpen.be  (zoek De Averegten)";"";"";"";"";"Van de verschillende wandelpaden is de groene route (3,3 km) speciaal aangelegd voor rolstoelgebruikers, kinderwagens en joggers. Na een regenbui blijft dit verharde pad begaanbaar. Een aantal picknicktafels werd aangepast zodat mensen in een rolstoel comfortabel mee aan tafel kunnen schuiven. Een bezoek aan de plantentuin is hier zeker de moeite waard. De tuin is aangenaam en prima toegankelijk voor rolstoelen. De verharde wegen in dolomiet zijn prima berijdbaar en goed bewegwijzerd. De Averegten is alle dagen vrij toegankelijk van zonsopgang tot zonsondergang. ";"";"Van de verschillende wandelpaden is de groene route (3,3 km) speciaal aangelegd voor rolstoelgebruikers, kinderwagens en joggers. Na een regenbui blijft dit verharde pad begaanbaar. Een aantal picknicktafels werd aangepast zodat mensen in een rolstoel comfortabel mee aan tafel kunnen schuiven. Een bezoek aan de plantentuin is hier zeker de moeite waard. De tuin is aangenaam en prima toegankelijk voor rolstoelen. De verharde wegen in dolomiet zijn prima berijdbaar en goed bewegwijzerd. De Averegten is alle dagen vrij toegankelijk van zonsopgang tot zonsondergang. ";"";"";"Aan de Blokhut (Boonmarkt 12) en in het nieuwe onthaalgebouw (Boonmarkt 4a) bevinden zich toegankelijke toiletten. ";"";"De taverne is toegankelijk en iedere dag geopend vanaf 10 u, meer info vind je op de website: boshuis-hallaar.be. Honden aan een leiband zijn toegelaten op de rode (3,3 km) en de oranje route (1,6 km).";"0";"0";"0";"0";"0";"1";"0";"0";"0";"";"";"";"";"";"";"";"";""
"276760";"POINT_OF_INTEREST";"NATURE";"Aug 24 2018 01:38:03:017PM";"0";"Provinciaal Groendomein Hertberg";"Diestsebaan";"28";"";"2230";"Herselt";"Herselt";"";"antwerpseKempen";"189280.72";"194628.63";"51.06045093689536";"4.929060911100716";"";"";"";"";"+32 14 55 88 00";"";"";"hertberg@provincieantwerpen.be";"www.provincieantwerpen.be/hertberg of www.hertberg.be";"";"";"";"";"Sinds het in 2006 eigendom werd van het provinciebestuur van Antwerpen is domein Hertberg met zijn oppervlakte van 236 ha het grootste provinciale groendomein.

Het domein maakt deel uit van de voormalige de Merodebossen, een eindeloos gebied van bos en natuur. Gelegen op de overgang van Kempen en Hageland heeft het domein heel wat te bieden. Zo treffen we er bijvoorbeeld nog enkele ‘bergen’ aan en is het domein sinds 1775 ononderbroken bebost geweest, wat uniek is in Vlaanderen. Men kan er wandelen en fietsen. Er is ook een wandelknooppuntnetwerk 'De Merode' uitgewerkt. ";"";"Sinds het in 2006 eigendom werd van het provinciebestuur van Antwerpen is domein Hertberg met zijn oppervlakte van 236 ha het grootste provinciale groendomein.

Het domein maakt deel uit van de voormalige de Merodebossen, een eindeloos gebied van bos en natuur. Gelegen op de overgang van Kempen en Hageland heeft het domein heel wat te bieden. Zo treffen we er bijvoorbeeld nog enkele ‘bergen’ aan en is het domein sinds 1775 ononderbroken bebost geweest, wat uniek is in Vlaanderen. Men kan er wandelen en fietsen. Er is ook een wandelknooppuntnetwerk 'De Merode' uitgewerkt. ";"In het domein is tevens een in Vegecol verhard toegankelijkheidspad aangebracht voor bezoekers met een rolstoel. Dit pad is drie kilometer lang en is best bereikbaar vanaf de parking van taverne Mie Maan, Diestsebaan in Herselt.";"";"";"";"";"0";"0";"0";"0";"0";"1";"0";"0";"0";"";"";"";"";"";"";"";"";""
"276753";"POINT_OF_INTEREST";"NATURE";"Aug 22 2018 12:03:03:167PM";"0";"Provinciaal Groendomein Prinsenpark";"Kastelsedijk";"5";"";"2470";"Retie";"Retie";"";"antwerpseKempen";"197298.27";"213949.94";"51.23351043152051";"5.045933621640261";"";"";"";"";"+32 14 37 91 74";"";"";"prinsenpark@provincieantwerpen.be";"http://www.provincieantwerpen.be zoeken naar Prinsenpark";"";"";"";"";"Voor wandelaars en rustzoekers is het 215 hectaren grote Prinsenpark een uitstekende bestemming. Het Prinsenpark ligt langs de rijksweg Retie - Geel (N118) en is vier kilometer verwijderd van de dorpskom van Retie. Binnen het domein liggen verschillende bewegwijzerde wandelpaden waaronder ook één dat geschikt is voor rolstoelgebruikers, namelijk de rode wandeling die 2,3 km lang is. Aan het onthaalgebouw bevindt zich een toegankelijk toilet. Het park beschikt over verschillende vijvers en een vogelkijkwand, wat het domein een absolute meerwaarde geeft. Tijdens de vogeltrekperioden kan je hier talrijke vogels waarnemen.
Er kunnen begeleide wandelingen voor groepen aangevraagd worden. Regelmatig organiseert het domein ook evenementen en wandelingen waaraan je individueel kan deelnemen, alle info vind je op de website.";"";"Voor wandelaars en rustzoekers is het 215 hectaren grote Prinsenpark een uitstekende bestemming. Het Prinsenpark ligt langs de rijksweg Retie - Geel (N118) en is vier kilometer verwijderd van de dorpskom van Retie. Binnen het domein liggen verschillende bewegwijzerde wandelpaden waaronder ook één dat geschikt is voor rolstoelgebruikers, namelijk de rode wandeling die 2,3 km lang is. Aan het onthaalgebouw bevindt zich een toegankelijk toilet. Het park beschikt over verschillende vijvers en een vogelkijkwand, wat het domein een absolute meerwaarde geeft. Tijdens de vogeltrekperioden kan je hier talrijke vogels waarnemen.
Er kunnen begeleide wandelingen voor groepen aangevraagd worden. Regelmatig organiseert het domein ook evenementen en wandelingen waaraan je individueel kan deelnemen, alle info vind je op de website.";"";"";"";"";"";"0";"0";"0";"0";"0";"1";"0";"0";"0";"";"";"";"";"";"";"";"";""
"276743";"POINT_OF_INTEREST";"NATURE";"Aug 27 2018 07:34:01:287AM";"0";"Provinciedomein Het Vinne";"Ossenwegstraat";"70";"";"3440";"Zoutleeuw";"Zoutleeuw";"";"hageland";"203214.86";"170420.19";"50.84173831451914";"5.124282861411565";"";"";"";"";"+32 11 78 18 19";"";"";"provinciedomein.zoutleeuw@vlaamsbrabant.be";"http://www.vlaamsbrabant.be/zoutleeuw";"";"";"";"";"In het provinciedomein Het Vinne kun je langs de Sint-Odulphiusbeek een rolstoeltoegankelijk zintuigenbeleefpad van 800m volgen, waarbij je al je zintuigen benut om te genieten van de natuurpracht. De fietsverhuurder biedt enkele fietsen aan voor mensen met een beperking: een rolstoelfiets, een duofiets, tandems en lage opstapfietsen. Bovendien werden er ook toegankelijke fietsroutes uitgestippeld die vertrekken vanop het domein. De fietsen kan je best vooraf reserveren via mail of telefoon. Je kunt ook een bezoek brengen aan de rolstoeltoegankelijke kruidentuin of een aangepaste kruidenactiviteit met gids boeken. Om iedereen de kans te geven om bij  te leren en van Het Vinne te genieten, passen de Vinnemedewerkers (in overleg met de aanvragers) hun bestaande educatieve activiteiten zo goed mogelijk aan, aan de noden van de doelgroep.";"";"In het provinciedomein Het Vinne kun je langs de Sint-Odulphiusbeek een rolstoeltoegankelijk

zintuigenbeleefpad van 800m volgen, waarbij je al je zintuigen benut om te genieten van de

natuurpracht. De fietsverhuurder biedt enkele fietsen aan voor mensen met een beperking: een

rolstoelfiets, een duofiets, tandems en lage opstapfietsen. Bovendien werden er ook toegankelijke fietsroutes uitgestippeld die vertrekken vanop het domein. De fietsen kan je best vooraf reserveren via mail of telefoon. Je kunt ook een bezoek brengen aan de rolstoeltoegankelijke kruidentuin of een aangepaste kruidenactiviteit met gids boeken. Om iedereen de kans te geven om bij  te leren en van Het Vinne te genieten, passen de Vinnemedewerkers (in overleg met de aanvragers) hun bestaande educatieve activiteiten zo goed mogelijk aan, aan de noden van de doelgroep.";"";"";"";"Voor de wandelingen rond het meer zijn er 3 alle terrein rolstoelen beschikbaar. ";"";"0";"0";"1";"0";"1";"1";"1";"1";"0";"";"";"";"";"";"";"In het bezoekerscentrum zijn reliëfplannen ter beschikking waar blinden en slechtzienden een idee kunnen krijgen van de verschillende biotopen en de waterhuishouding in Het Vinne. ";"In het bezoekerscentrum zijn reliëfplannen ter beschikking waar blinden en slechtzienden een idee kunnen krijgen van de verschillende biotopen en de waterhuishouding in Het Vinne. ";""
"378730";"POINT_OF_INTEREST";"NATURE";"Jul 16 2018 11:24:03:023AM";"0";"Rik Wouterstuin";"Befferstraat";"";"";"2800";"Mechelen";"Mechelen";"";"kunststadMechelen";"";"";"";"";"";"";"";"";"";"";"";"";"";"";"";"";"";"";"";"De Rik Wouterstuin, een kleine stadstuin, is een ode aan deze Mechelse kunstenaar. Je komt er tot rust langs het weer opengelegde vlietje. Een bronzen borstbeeld van de kunstenaar heeft hier een plaatsje gekregen en Gijs Vanhee maakte een opvallende muurschildering. Die is geïnspireerd op Wouters’ bekende beeld Zot geweld. De locatie van de tuin, die je bereikt langs de Befferstraat of de Rik Wouters-straat, is geen toeval: in die laatste straat woonde de kunstenaar tien jaar bij zijn ouders (huisnummers 41-43).";"De Rik Wouterstuin is vlot drempelloos toegankelijk via goede paden.";"";"";"";"";"0";"0";"";"0";"0";"1";"0";"0";"0";"";"";"";"";"";"";"";"";""
