OBJECTID,NAAM,TYPE,STRAATNAAM,DISTRICT,POSTCODE,CLUSTER,BEHEERDER,SHAPE_Length,SHAPE_Area
26245,VINKENPARK,buurtpark,VAN SCHOONBEKESTRAAT,ANTWERPEN,2018,Cluster Noord,niet SB,345.210104100072,3883.49009919063
26246,ROCKOXPLEIN,buurtpark,ROCKOXPLEIN,ANTWERPEN,2020,Cluster Zuid,SB,204.371312141506,2683.44706732037
26247,GLASGOWSTRAAT,buurtpark,GLASGOWSTRAAT,ANTWERPEN,2030,Cluster Noord,,177.72463156343,1614.1411795343
26248,COLUMBIASTRAAT,buurtpark,COLUMBIASTRAAT,ANTWERPEN,2030,Cluster Noord,,155.657346363017,1415.83975553771
26249,PATER STRACKESTRAAT,buurtpark,PATER STRACKESTRAAT,ANTWERPEN,2030,Cluster Noord,,110.086249415406,732.695240602283
26250,PLUVIERSTRAAT BUURTPARK,buurtpark,PLUVIERSTRAAT,ANTWERPEN,2050,Cluster Zuid,,539.027750941574,11641.9121265337
26251,VLAAMSHOOFDLAAN,buurtpark,VLAAMSHOOFDLAAN,ANTWERPEN,2050,Cluster Zuid,,165.281471935775,1596.79701225386
26252,HANEGRAEFSTRAAT,buurtpark,HANEGRAEFSTRAAT,ANTWERPEN,2050,Cluster Zuid,,162.089144939175,467.047704852941
26253,AUGUST VERMEYLENLAAN,buurtpark,AUGUST VERMEYLENLAAN,ANTWERPEN,2050,Cluster Zuid,,86.1581623368976,419.527527980872
26254,TIJL UILENSPIEGELLAAN,buurtpark,TIJL UILENSPIEGELLAAN,ANTWERPEN,2050,Cluster Zuid,,531.420533902552,4636.78746968886
26255,SLACHTHUISLAAN,buurtpark,SLACHTHUISLAAN,ANTWERPEN,2060,Cluster Noord,,265.180986027469,2127.0308311659
26256,PAUL VEKEMANSLAAN BUURTPARK,buurtpark,PAUL VEKEMANSLAAN,HOBOKEN,2660,Cluster Zuid,SB,375.405329845147,7719.45093116523
26257,DEN BOTANIEK,park,LEOPOLDSTRAAT,ANTWERPEN,2000,Cluster Noord,SB,481.141759608951,9656.37407466483
26258,MUNTSTRAAT,buurtpark,MUNTSTRAAT,ANTWERPEN,2000,Cluster Noord,,24.5860006227703,0.788745607996162
26259,ZUIDERDOKKENPARK,buurtpark,VLAAMSEKAAI,ANTWERPEN,2000,Cluster Noord,,315.570910800471,6425.13188659707
26260,RODEKRUISLAAN,buurtpark,RODEKRUISLAAN,HOBOKEN,2660,Cluster Zuid,,72.1278077222116,338.557138451717
26261,LUCHTVAARTSTRAAT,buurtpark,LUCHTVAARTSTRAAT,BORGERHOUT,2140,Cluster Zuid,,265.762627333717,1932.10988276298
26262,RECHTESTRAAT,buurtpark,RECHTESTRAAT,BORGERHOUT,2140,Cluster Zuid,,62.1384464176468,245.855195660893
26263,MEERLENHOF,buurtpark,MEERLENHOFLAAN,HOBOKEN,2660,Cluster Zuid,,623.670988244621,14858.3027849209
26264,VAN LEENTSTRAAT,buurtpark,VAN LEENTSTRAAT,BORGERHOUT,2140,Cluster Zuid,,320.189555433332,1884.14842114781
26265,GRAVENHOF,park,LOUISALEI,HOBOKEN,2660,Cluster Zuid,SB,481.68881041961,13144.4413083186
26266,BEGIJNHOF,buurtpark,RODESTRAAT,ANTWERPEN,2000,Cluster Noord,SB,444.845958461922,4248.76732945872
26267,VAN CAUWELAERTPARK,park,AUGUST VAN CAUWELAERTLAAN,ANTWERPEN,2050,Cluster Zuid,SB,748.190702861772,26149.671857886
26268,VINKENIER,buurtpark,GRENSSTRAAT,DEURNE,2100,Cluster Zuid,niet SB,351.48305300138,3938.15040780878
26269,VELTWIJCKPARK,park,VELTWIJCKLAAN,EKEREN,2180,Cluster Noord,SB,1538.12654022346,96076.4590967366
26270,SCHOONSELHOFLEI BUURTPARK,buurtpark,SCHOONSELHOFLEI,HOBOKEN,2660,Cluster Zuid,SB,343.889142822383,6213.92579793318
26271,BOUVAERTLAAN,buurtpark,BOUVAERTLAAN,ANTWERPEN,2050,Cluster Zuid,,361.006755835838,2061.68948761076
26272,AERNOUT EN WILLEMLAAN,buurtpark,AERNOUT EN WILLEMLAAN,ANTWERPEN,2050,Cluster Zuid,,361.584048608588,2031.45117767781
26273,LODEWIJK VAN VELTHEMLAAN,buurtpark,LODEWIJK VAN VELTHEMLAAN,ANTWERPEN,2050,Cluster Zuid,,136.351261067863,958.955499078275
26274,ESMOREITPARKJE,buurtpark,ESMOREITLAAN,ANTWERPEN,2050,Cluster Zuid,niet SB,2599.94261533357,180721.07600933
26275,WEERSTANDLAAN SPEELZONE EN HONDENLOOPZONE,buurtpark,WEERSTANDLAAN,BORGERHOUT,2140,Cluster Zuid,,372.734541579877,7041.31739740292
26276,DOMINICANENSTRAAT,buurtpark,DOMINICANENSTRAAT,BERENDRECHT-ZANDVLIET-LILLO,2040,Cluster Noord,,99.878615702689,531.58935577673
26277,POOTERSSTRAAT,buurtpark,POOTERSSTRAAT,BERENDRECHT-ZANDVLIET-LILLO,2040,Cluster Noord,,141.945354207219,708.558318293879
26278,STRIJDHOFLAAN BUURTPARK,buurtpark,STRIJDHOFLAAN,BERCHEM,2600,Cluster Zuid,SB,154.384525531944,1427.97220986959
26279,KAPELSTRAAT,buurtpark,KAPELSTRAAT,HOBOKEN,2660,Cluster Zuid,,331.692977533014,3005.57326885482
26280,STADSPARK,park,QUINTEN MATSIJSLEI,ANTWERPEN,2018,Cluster Noord,SB,1510.36384853768,115234.391021971
26281,NOORDSCHIPPERSDOK,buurtpark,NOORDSCHIPPERSDOK,ANTWERPEN,2060,Cluster Noord,,607.994399502031,12206.8122309755
26282,LANGE LOBROEKSTRAAT PLANTSOEN,buurtpark,LANGE LOBROEKSTRAAT,ANTWERPEN,2060,Cluster Noord,,68.6270047305905,248.528860075224
26283,CANADALAAN,buurtpark,CANADALAAN,ANTWERPEN,2030,Cluster Noord,,31.7556279435913,34.2257789889688
26284,CANADALAAN,buurtpark,CANADALAAN,ANTWERPEN,2030,Cluster Noord,,1589.29413299784,14517.7386139087
26285,LODEWIJK DE VOCHTSTRAAT,buurtpark,LODEWIJK DE VOCHTSTRAAT,ANTWERPEN,2030,Cluster Noord,,684.848672740269,5961.36587080923
26286,JACOB KARSMANSTRAAT,buurtpark,JACOB KARSMANSTRAAT,ANTWERPEN,2030,Cluster Noord,,1454.15587493494,10719.8430270255
26287,STATIESTRAAT,buurtpark,STATIESTRAAT,EKEREN,2180,Cluster Noord,SB,264.023096366736,1905.02853369652
26288,KROKUSSTRAAT,buurtpark,KROKUSSTRAAT,MERKSEM,2170,Cluster Noord,,221.026191234649,1193.12422924561
26289,NARCISSTRAAT,buurtpark,NARCISSTRAAT,MERKSEM,2170,Cluster Noord,,184.51279295591,828.299978072978
26290,BUURTPARK DUVELSHOEK,buurtpark,DUVELSHOEK,MERKSEM,2170,Cluster Noord,,193.831247981306,1875.74947558906
26291,MARKIEZENHOF,buurtpark,MARKIEZENHOF,MERKSEM,2170,Cluster Noord,,191.106684193703,2035.91843299506
26292,BISSCHOPPENHOF,park,SUZANNE SPANHOVENSTRAAT,DEURNE,2100,Cluster Noord,SB,1132.87016843026,31957.3220424284
26293,BIESHEUVELLAAN,buurtpark,BIESHEUVELLAAN,EKEREN,2180,Cluster Noord,,165.486734726947,879.258696838533
26294,REIZIGERSSTRAAT PLANTSOEN,buurtpark,REIZIGERSSTRAAT,BORGERHOUT,2140,Cluster Zuid,,218.024344317469,1353.19011399782
26295,TE BOELAARPARK,park,KAREL DE PRETERLEI,BORGERHOUT,2140,Cluster Zuid,SB,2174.21410605707,151951.469466764
26296,WAASDONK,buurtpark,WAASDONK,DEURNE,2100,Cluster Zuid,,171.371569809647,1122.0381135704
26297,HAROLD ROSHERSTRAAT,buurtpark,HAROLD ROSHERSTRAAT,HOBOKEN,2660,Cluster Zuid,,673.050881892308,13259.355035722
26298,FORT 7,park,LEGERSTRAAT,WILRIJK,2610,Cluster Zuid,SB,3617.64687274159,143669.999123439
26299,HOF TER BEKE,park,TERBEKEHOFDREEF,WILRIJK,2610,Cluster Zuid,SB,1239.71510374923,88182.5223688835
26300,HOLLEBEEK,park,LUCAS HENNINCKSTRAAT,HOBOKEN,2660,Cluster Zuid,SB + natuurpunt,11.2891135390329,0.641696581063354
26301,HOLLEBEEK,park,LUCAS HENNINCKSTRAAT,HOBOKEN,2660,Cluster Zuid,SB + natuurpunt,4.03121485424731,0.120926238744462
26302,HOLLEBEEK,park,LUCAS HENNINCKSTRAAT,HOBOKEN,2660,Cluster Zuid,SB + natuurpunt,2.06023092855526,0.0234185094753632
26303,FERRE GRIGNARDPLANTSOEN,buurtpark,FERRE GRIGNARDPLANTSOEN,WILRIJK,2610,Cluster Zuid,SB,139.387583143203,1232.29030249475
26304,KORTESTRAAT BUURTPARK,buurtpark,KORTESTRAAT,WILRIJK,2610,Cluster Zuid,SB,244.594117173871,2478.39613004596
26305,STEYTELINCKPARK,park,SINT-BAVOSTRAAT,WILRIJK,2610,Cluster Zuid,SB,102.75988194005,507.778682595307
26306,STEYTELINCKPARK,park,SINT-BAVOSTRAAT,WILRIJK,2610,Cluster Zuid,SB,1242.92002930604,68331.1538596293
26307,STEYTELINCKPARK,park,SINT-BAVOSTRAAT,WILRIJK,2610,Cluster Zuid,SB,179.844748249968,1946.5003313719
26308,KLEINESTEENWEG,buurtpark,KLEINESTEENWEG,WILRIJK,2610,Cluster Zuid,,26.1393333354561,1.15535694582086
26309,VALAARPARK,park,HOF VAN MOLS,WILRIJK,2610,Cluster Zuid,SB,76.7769839979048,79.3483302857858
26310,DRIE BUNDERPARK,buurtpark,RENDIERSTRAAT,WILRIJK,2610,Cluster Zuid,SB,385.435554943038,5367.85922015385
26311,Speelterrein Romestraat,buurtpark,ROMESTRAAT,HOBOKEN,2660,Cluster Zuid,SB,637.145825466931,5342.65745682493
26312,HOLLEBEEKPARK,buurtpark,COOPERATIELAAN,HOBOKEN,2660,Cluster Zuid,SB,1067.2993041357,24950.4240117386
26313,HOLLEBEEK,park,LUCAS HENNINCKSTRAAT,WILRIJK,2610,Cluster Zuid,SB + natuurpunt,972.179239672546,4161.12423769618
26314,HOLLEBEEK,park,LUCAS HENNINCKSTRAAT,HOBOKEN,2660,Cluster Zuid,SB + natuurpunt,386.793680158033,5266.02662264921
26315,GROOT HAGELKRUISPARK,park,OORDERSEWEG,EKEREN,2180,Cluster Noord,SB,1332.82279391447,49999.8939398297
26316,SPEELTERREIN,buurtpark,WIJNGAARDBERG,MERKSEM,2170,Cluster Noord,SB,223.810080168151,2766.43083280292
26317,VILLEGASPARK,park,UITBREIDINGSTRAAT,BERCHEM,2600,Cluster Zuid,SB,630.633645931143,21337.2035457072
26318,SCHELDEWANDELING - SINT-ANNASTRAND,buurtpark,THONETLAAN,ANTWERPEN,2050,Cluster Zuid,SB,5943.59221409389,146712.496198597
26319,HOF DE BIST,park,VELTWIJCKLAAN,EKEREN,2180,Cluster Noord,SB,1948.67416833594,190189.786178689
26320,BROYDENBORG,park,MARNEFLAAN,HOBOKEN,2660,Cluster Zuid,SB,652.093439716235,23831.9202991544
26321,HERTOGSVELDEN BUURTPARK,buurtpark,HERTOGSVELDEN,HOBOKEN,2660,Cluster Zuid,,76.0004283079662,187.659525421052
26322,NELLO EN PATRASCHEPLEIN,buurtpark,HERTOGSVELDEN,HOBOKEN,2660,Cluster Zuid,,265.310294573707,3730.31335663724
26323,STAATSEIGENDOM,buurtpark,HERTOGSVELDEN,HOBOKEN,2660,Cluster Zuid,,189.955928242185,319.80489015496
26324,HERTOGSVELDEN BUURTPARK,buurtpark,HERTOGSVELDEN,HOBOKEN,2660,Cluster Zuid,,165.160407803268,1315.98092883074
26325,GROENE VINGER POLDERSTAD,buurtpark,GRASPOLDERLAAN,HOBOKEN,2660,Cluster Zuid,SB,925.480404190469,11173.5334696293
26326,GROENE VINGER POLDERSTAD,buurtpark,GRASPOLDERLAAN,HOBOKEN,2660,Cluster Zuid,,719.060068829501,6542.75831276006
26327,GROENE VINGER POLDERSTAD,buurtpark,GRASPOLDERLAAN,HOBOKEN,2660,Cluster Zuid,,347.456485150442,2334.71990861809
26328,STEDELIJK ONDERWIJS ANTWERPEN,buurtpark,VEERRDAMLAAN,HOBOKEN,2660,Cluster Zuid,SB,79.6292291141246,354.209007510301
26329,PAUL VEKEMANSLAAN BUURTPARK,buurtpark,PAUL VEKEMANSLAAN,HOBOKEN,2660,Cluster Zuid,,323.074189186008,5416.78886998335
26330,HOF VAN TICHELEN BUURTPARK,buurtpark,HOF VAN TICHELEN,ANTWERPEN,2020,Cluster Zuid,SB,485.208067061607,6863.39824182829
26331,DEN BRANDT,park,BEUKENLAAN,ANTWERPEN,2020,Cluster Zuid,SB,213.167442363401,233.282780976015
26332,DEN BRANDT,park,BEUKENLAAN,ANTWERPEN,2020,Cluster Zuid,SB,615.126541584671,483.395102770589
26333,LANGE BREMSTRAAT,buurtpark,LEIEBOS,MERKSEM,2170,Cluster Noord,SB,584.146498734117,8120.01638290806
26334,MASTVEST,park,ERIC SASSELAAN,ANTWERPEN,2020,Cluster Zuid,SB,282.870545017492,691.149849146719
26335,BOEKENBERGPARK,park,MENEGEMLEI,DEURNE,2100,Cluster Zuid,SB,1676.53858614879,100300.545539695
26336,PARK GROOT SCHIJN,park,RUGGEVELDLAAN,DEURNE,2100,Cluster Zuid,,1555.5696479582,49012.7901623277
26337,FREDEGANDUS BEGRAAFPARK,park,LAKBORSLEI,DEURNE,2100,Cluster Noord,SB,1371.08347171709,53326.7676644542
26338,SCHIJNTJE,park,TURNHOUTSEBAAN,BORGERHOUT,2140,Cluster Zuid,niet SB,471.854916379261,3869.49402800269
26339,SCHIJNTJE,park,TURNHOUTSEBAAN,BORGERHOUT,2140,Cluster Zuid,niet SB,2976.87734992293,37671.1422376181
26340,'T SCHIJNTJE,park,TURNHOUTSEBAAN,BORGERHOUT,2140,Cluster Zuid,niet SB,2783.50458174703,20524.3159586216
26341,HET SCHIJNTJE,park,TEN EEKHOVELEI,DEURNE,2100,Cluster Noord,SB,81.3725941491315,352.683406366105
26342,HET SCHIJNTJE,park,TEN EEKHOVELEI,DEURNE,2100,Cluster Noord,SB,205.257803652023,2279.86237155959
26343,SCHIJNTJE,park,TEN EEKHOVELEI,DEURNE,2100,Cluster Noord,SB,2062.85024087312,67698.4652575318
26344,GROENENBORGERPARK,buurtpark,OOSTERVELDLAAN,ANTWERPEN,2020,Cluster Zuid,niet SB,89.5843243568399,342.198765900211
26345,GROENENBORGERPARK,buurtpark,OOSTERVELDLAAN,ANTWERPEN,2020,Cluster Zuid,niet SB,55.3175021858391,5.39884002645969
26346,DISTELHOEK,buurtpark,OORTBROEK,MERKSEM,2170,Cluster Noord,SB,71.3130395513428,144.11457602943
26347,DISTELHOEK,buurtpark,OORTBROEK,MERKSEM,2170,Cluster Noord,SB,899.732222023197,40833.1558954486
26348,BUND,buurtpark,BUND,EKEREN,2180,Cluster Noord,,265.10731780702,2115.07931422481
26349,RIETBANK,buurtpark,RIETBANK,BERENDRECHT-ZANDVLIET-LILLO,2040,Cluster Noord,,118.300107428624,474.09249011122
26350,FLORENT PAUWELSLEI BUURTPARK,buurtpark,FLORENT PAUWELSLEI,DEURNE,2100,Cluster Zuid,,274.309405854808,1612.19885014688
26351,KRUGERPARK,buurtpark,KRUGERPLEIN,BORGERHOUT,2140,Cluster Zuid,SB,481.230018711849,10601.0210217379
26352,GALGENWEELPARK,park,AALSCHOLVERLAAN,ANTWERPEN,2050,Cluster Zuid,SB,4123.78403097069,131133.953590205
26353,HYDEPARK,buurtpark,HYDEPARKSTRAAT,HOBOKEN,2660,Cluster Zuid,SB,372.079554154746,5060.55764812752
26354,MAURITS SABBELAAN buurtpark,buurtpark,MAURITS SABBELAAN,ANTWERPEN,2020,Cluster Zuid,SB,358.203164055167,5389.71877536338
26355,MAURITS SABBELAAN,buurtpark,MAURITS SABBELAAN,ANTWERPEN,2020,Cluster Zuid,niet SB,272.629475366242,2506.70565702229
26356,MAURITS SABBELAAN,buurtpark,MAURITS SABBELAAN,ANTWERPEN,2020,Cluster Zuid,SB,327.118161156878,114.166039621986
26357,SORGHVLIEDT,park,MARNEFLAAN,HOBOKEN,2660,Cluster Zuid,SB,1594.82436770174,164590.53437094
26358,ANTWERPSEBAAN,buurtpark,ANTWERPSEBAAN,BERENDRECHT-ZANDVLIET-LILLO,2040,Cluster Noord,SB,231.342915410356,3078.2681931221
26359,WOLLEGRASSTRAAT BUURTPARK,buurtpark,WOLLEGRASSTRAAT,BERENDRECHT-ZANDVLIET-LILLO,2040,Cluster Noord,SB,197.962952346648,2202.82689120187
26360,DOMINICANENSTRAAT,buurtpark,DOMINICANENSTRAAT,BERENDRECHT-ZANDVLIET-LILLO,2040,Cluster Noord,,95.4337863160958,531.135080419981
26361,SQUAREPARK,buurtpark,DOCTOR DECROLYSTRAAT,ANTWERPEN,2030,Cluster Noord,,470.500426544789,12970.6115563567
26362,HAGELBERGPARK,buurtpark,KRUISBOS,BERENDRECHT-ZANDVLIET-LILLO,2040,Cluster Noord,SB,824.058024570245,24691.4024594287
26363,SCHEPELSTRAAT,buurtpark,SCHEPELSTRAAT,ANTWERPEN,2030,Cluster Noord,SB,557.630295784985,6544.01050445803
26364,SCHOONBROEKPARK,park,SCHOONBROEK,ANTWERPEN,2030,Cluster Noord,SB,2547.01348814043,49693.4652375964
26365,DRAGONDERSSTRAAT,buurtpark,DRAGONDERSSTRAAT,ANTWERPEN,2030,Cluster Noord,,634.97278119087,10655.8510099999
26366,THOMAS GRESHAMPARK,park,THOMAS GRESHAMSTRAAT,ANTWERPEN,2030,Cluster Noord,SB,574.568968787346,3191.19676661124
26367,THOMAS GRESHAMPARK,park,THOMAS GRESHAMSTRAAT,ANTWERPEN,2030,Cluster Noord,SB,598.735064239228,12629.8613205336
26368,HOF TER HEIDE,buurtpark,VAN PRAETLEI,MERKSEM,2170,Cluster Noord,SB,634.283408728059,12024.923692492
26369,REIGERSBOS - DE ZOUTEN ZUID,park,REIGERSBOSDREEF,BERENDRECHT-ZANDVLIET-LILLO,2040,Cluster Noord,SB,2099.40902237274,216449.38245025
26370,NOORDKASTEEL,park,NOORDKASTEEL-ZUID,ANTWERPEN,2030,Cluster Noord,SB,1428.74234277566,89237.7465288247
26371,DOKTER VAN DE PERRELEI BUURTPARK,buurtpark,DOKTER VAN DE PERRELEI,BORGERHOUT,2140,Cluster Zuid,,208.688556698316,1457.6545753778
26372,PRIEEL,buurtpark,SPOORWEGSTRAAT,BERCHEM,2600,Cluster Zuid,SB,1281.91043869335,52840.3706315523
26373,NEERLANDPARK,buurtpark,WANNINKHOVELAAN,WILRIJK,2610,Cluster Zuid,SB,172.243855618698,224.445193760988
26374,NEERLANDPARK,park,WANNINKHOVELAAN,WILRIJK,2610,Cluster Zuid,SB,0.58187444265497,0.014721869964813
26375,NEERLANDPARK,park,WANNINKHOVELAAN,WILRIJK,2610,Cluster Zuid,SB,135.62925289826,112.329608446523
26376,BUURTPARK ESSENSTRAAT,buurtpark,ESSENSTRAAT,ANTWERPEN,2060,Cluster Noord,SB,237.479527625827,932.551886308045
26377,GALLIFORTLEI,buurtpark,GALLIFORTLEI,DEURNE,2100,Cluster Noord,SB,945.372236111788,30898.6357268061
26378,MINERVA,buurtpark,RODEKRUISLAAN,BERCHEM,2600,Cluster Zuid,,626.431523005972,18272.3719414426
26379,RODE KRUISLAAN - MINERVAPARK,buurtpark,RODEKRUISLAAN,BERCHEM,2600,Cluster Zuid,SB,801.028823936128,18268.5016874109
26380,FORT 8,park,SCHANSSTRAAT,HOBOKEN,2660,Cluster Zuid,SB,3499.4350159415,289999.28123923
26381,VINCOTTESTRAAT,buurtpark,VINCOTTESTRAAT,BORGERHOUT,2140,Cluster Zuid,SB,298.314183572529,3908.74879446467
26382,FORT VAN MERKSEM,park,FORTSTEENWEG,MERKSEM,2170,Cluster Noord,SB,4715.33407986089,259008.095746764
26383,DOMEIN HERTOGHE,park,MARKGRAVELEI,ANTWERPEN,2018,Cluster Noord,SB,985.402836184547,35567.219797144
26384,MULTATULIPLEIN,buurtpark,MULTATULIPLEIN,ANTWERPEN,2050,Cluster Zuid,,216.74866449921,1753.20028793864
26385,DRAKENHOF,park,GRENSSTRAAT,DEURNE,2100,Cluster Zuid,,1847.99521395401,86798.4488461965
26386,TAMPICOSITE,buurtpark,COLUMBIASTRAAT,ANTWERPEN,2030,Cluster Noord,,505.547833374523,14085.0159364511
26387,TAMPICOPARK,buurtpark,COLUMBIASTRAAT,ANTWERPEN,2030,Cluster Noord,,614.911427464306,19198.7358918613
26388,BUURTPARK WILLEBEEK,buurtpark,WILLEBEEKLAAN,EKEREN,2180,Cluster Noord,,463.877216359389,4941.33879853287
26389,SCHOUTLAAN,buurtpark,SCHOUTLAAN,EKEREN,2180,Cluster Noord,SB,405.42130928919,5232.02128820158
26390,KIELPARK,park,SINT-BERNARDSESTEENWEG,ANTWERPEN,2020,Cluster Zuid,SB,1781.60019698403,121766.288192486
26391,ALFONS DE COCKSTRAAT BUURTPARK,buurtpark,ALFONS DE COCKSTRAAT,ANTWERPEN,2020,Cluster Zuid,SB,371.0879299323,6789.62683109334
26392,STRUISBEEKVALLEI,park,DOORNSTRAAT,WILRIJK,2610,Cluster Zuid,SB,2203.58679686097,70741.2796033047
26393,HARMONIE,park,KONINGIN ELISABETHLEI,ANTWERPEN,2018,Cluster Noord,SB,656.241682408252,17233.8540844563
26394,DE NELISPLEIN,buurtpark,DE NELISPLEIN,ANTWERPEN,2020,Cluster Zuid,SB,294.140071401783,3729.59020410971
26395,VALAARPARK,park,HOF VAN MOLS,WILRIJK,2610,Cluster Zuid,SB,484.385091012915,3640.64172264885
26396,VALAARPARK,park,HOF VAN MOLS,WILRIJK,2610,Cluster Zuid,SB,1184.31949668934,30356.4726649809
26397,EDMOND DE COUSSEMAKERSTRAAT,buurtpark,EDMOND DE COUSSEMAKERSTRAAT,ANTWERPEN,2050,Cluster Zuid,,646.626581300588,7553.68188100341
26398,ANTOON MARSTBOOMSTRAAT,buurtpark,ANTOON MARSTBOOMSTRAAT,ANTWERPEN,2050,Cluster Zuid,,369.638354719326,3391.91337921168
26399,LANGBAANVELDEN WAASDONK,buurtpark,LANGBAANVELDEN,DEURNE,2100,Cluster Zuid,SB,830.362714036806,7232.11140262222
26400,ZANDVLIETSE DORPSTRAAT,buurtpark,ZANDVLIETSE DORPSTRAAT,BERENDRECHT-ZANDVLIET-LILLO,2040,Cluster Noord,,517.400376628341,3034.35356209268
26401,ARENAWEIDE,buurtpark,DORDRECHTLAAN,DEURNE,2100,Cluster Zuid,SB,1249.06398973061,71560.5569743175
26402,BREMWEIDE,park,TER HEYDELAAN,DEURNE,2100,Cluster Noord,SB,3575.41962860284,342673.117619207
26403,BREMWEIDE,park,TER HEYDELAAN,DEURNE,2100,Cluster Noord,niet SB,48.7197602293181,76.5362794515904
26404,HOF TER HEIDE,buurtpark,HOF TER HEIDELAAN,HOBOKEN,2660,Cluster Zuid,niet SB,773.012570911835,32781.7953535238
26405,ATOMIUMLAAN BUURTPARK,buurtpark,ATOMIUMLAAN,WILRIJK,2610,Cluster Zuid,SB,426.440392456025,3022.44403260457
26406,KEURELAAN BUURTPARK,buurtpark,KEURELAAN,EKEREN,2180,Cluster Noord,SB,507.103535417582,2175.77606535049
26407,STERCKSHOF,park,STERCKSHOFLEI,DEURNE,2100,Cluster Zuid,niet SB,2823.58990544975,274611.572093674
26408,PREKERSSTRAAT BUURTPARK,buurtpark,PREKERSSTRAAT,ANTWERPEN,2000,Cluster Noord,SB,1194.54323259545,12779.1047833939
26409,RIVIERENHOF,park,HOOFTVUNDERLEI,DEURNE,2100,Cluster Zuid,niet SB,4467.26385087017,1056348.1228533
26410,PAUL VEKEMANSLAAN BUURTPARK,buurtpark,PAUL VEKEMANSLAAN,HOBOKEN,2660,Cluster Zuid,SB,182.683697887656,2019.88113509615
26411,PAUL VEKEMANSLAAN WOONCOMPLEX,buurtpark,PAUL VEKEMANSLAAN,HOBOKEN,2660,Cluster Zuid,niet SB,150.336973744337,1388.84204491705
26412,PARK VAN EDEN,park,GALLAITLAAN,WILRIJK,2610,Cluster Zuid,SB,1889.68088706006,43485.4786052464
26413,KERKHOFSTRAAT BUURTPARK,buurtpark,KERKHOFSTRAAT,WILRIJK,2610,Cluster Zuid,SB,169.666190762946,1634.4502750305
26414,NEERLANDPARK,park,WANNINKHOVELAAN,WILRIJK,2610,Cluster Zuid,SB,624.273020057751,17778.320537086
26415,HOF VAN NAUWELAERTS,buurtpark,LODEWIJK VAN BERCKENLAAN,BERCHEM,2600,Cluster Zuid,,305.24709264587,5582.17965733561
26416,BRILSCHANS,park,MARCEL AUBURTINLAAN,BERCHEM,2600,Cluster Zuid,SB,1457.36056193687,86775.3695261969
26417,EGLANTIERLAAN BUURTPARK,buurtpark,EGLANTIERLAAN,ANTWERPEN,2020,Cluster Zuid,,1937.12700184363,59428.1932896587
26418,JAN DENUCESTRAAT BUURTPARK,buurtpark,JAN DENUCESTRAAT,ANTWERPEN,2020,Cluster Zuid,,1031.81210613691,26054.5049782592
26419,PARK SPOOR NOORD,park,NOORDERPLAATS,ANTWERPEN,2060,Cluster Noord,SB,1450.23748130574,82647.0889401482
26420,SINT ANNEKE-STRAND,buurtpark,WANDELDIJK,ANTWERPEN,2050,Cluster Zuid,SB,1815.54908382979,51938.2174640587
26421,MUISBROEK,park,EKERSEDIJK,ANTWERPEN,2030,Cluster Noord,SB,5989.64508182909,497172.976532085
26422,MUISBROEK,park,EKERSEDIJK,ANTWERPEN,2030,Cluster Noord,SB,2649.86538818102,43463.9056631904
26423,BOGAARDESTRAAT BUURTPARK,buurtpark,BOGAARDESTRAAT,ANTWERPEN,2000,Cluster Noord,,221.392757527509,1935.40276997362
26424,MUNTHOF,buurtpark,MUNTHOF,ANTWERPEN,2000,Cluster Noord,SB,144.622776137703,1134.9218886823
26425,MAARTEN LUTHERPLEIN,buurtpark,MAARTEN LUTHERPLEIN,ANTWERPEN,2000,Cluster Noord,SB,226.808736893867,990.296726989352
26426,ROOIBOSPARK,park,ROOIBOSLAAN,WILRIJK,2610,Cluster Zuid,SB,468.015504579896,12741.70380427
26427,NACHTEGALENPARK,park,GERARD LE GRELLELAAN,ANTWERPEN,2020,Cluster Zuid,SB,10164.5435223416,791327.429861369
26428,GROENENBORGERPARK,buurtpark,OOSTERVELDLAAN,ANTWERPEN,2020,Cluster Zuid,niet SB,2146.00332965259,43432.7631389365
26429,STUIVENBERGPLEIN PARK,park,STUIVENBERGPLEIN,ANTWERPEN,2060,Cluster Noord,SB,578.451727633621,18579.5322862919
26430,PARK GROOT SCHIJN,park,RUGGEVELDLAAN,DEURNE,2100,Cluster Zuid,SB,8079.84984714964,264275.690773446
26431,KONING ALBERTPARK,park,KONING ALBERTPARKWEG,ANTWERPEN,2018,Cluster Noord,SB,1645.79164134769,45412.2210144301
26432,HOF VAN LEYSEN BUURTPARK,buurtpark,MARKGRAVELEI,ANTWERPEN,2018,Cluster Noord,niet SB,1834.69420414193,49060.8506809498
26433,MASTVEST,park,ERIC SASSELAAN,ANTWERPEN,2020,Cluster Zuid,SB,1133.77856881841,9367.14461080261
26434,MASTVEST,park,ERIC SASSELAAN,ANTWERPEN,2020,Cluster Zuid,SB,1649.48559893618,64441.5328248338
26435,LEEUWERIKPARK,park,COREMANSSTRAAT,BERCHEM,2600,Cluster Zuid,SB,1288.65471109865,40133.4439433478
26436,DE VELDEKENS,buurtpark,VELDEKENS,BERCHEM,2600,Cluster Zuid,,790.69478484451,12991.6015741038
26437,GROEN HART,park,TERLINDENHOFSTRAAT,MERKSEM,2170,Cluster Noord,SB,4503.85256665504,156549.634527176
26438,BOUCKENBORGH,park,BREDABAAN,MERKSEM,2170,Cluster Noord,SB,2263.60056874819,139259.346250518
26439,BORREWATERSTRAAT BUURTPARK,buurtpark,BORREWATERSTRAAT,MERKSEM,2170,Cluster Noord,,266.169111581305,2937.06574379448
26440,PARK SPOOR NOORD,park,HARDENVOORT,ANTWERPEN,2060,Cluster Noord,SB,2719.49166400376,106098.514956889
26441,PARK VAN EDEN,park,GALLAITLAAN,WILRIJK,2610,Cluster Zuid,SB,2843.40201532617,119550.210414502
26442,PARK VAN EDEN,park,DOORNSTRAAT,WILRIJK,2610,Cluster Zuid,natuurpunt,1252.96176919666,93753.8944263708
